threads,keys,value_size,rdbcompression,rdbchecksum,actual_throughput_mb_s,rdb_file_size_bytes,load_duration_seconds,avg_cpu_percent,avg_memory_rss_bytes,total_disk_read_bytes,total_disk_write_bytes,cpu_user_time_seconds,cpu_system_time_seconds,memory_rss_bytes_final,status,flamegraph_generated
1,50.0,500,yes,yes,210.3802677935655,25999635015,123.584,74.71693548387097,14890132083.612904,25999638528,4096,62.99,30.24,29160861696,ok,False
2,50.0,500,yes,yes,412.2476535644067,25999635015,63.068,138.35748031496064,14735605953.51181,25992609792,0,62.6,25.82,29174755328,ok,False
3,50.0,500,yes,yes,405.4460751489255,25999635015,64.126,236.6170542635659,15008952097.736435,25969016832,4096,123.66,29.7,29175218176,ok,False
4,50.0,500,yes,yes,400.0620876609887,25999635015,64.989,335.5276923076923,14531779788.8,25817497600,0,189.74,30.1,29175046144,ok,False
6,50.0,500,yes,yes,419.94500282659254,25999635015,61.912,525.2967741935485,14738129556.64516,25841352704,4096,299.1,28.94,29176000512,ok,False
8,50.0,500,yes,yes,409.63014628728087,25999635015,63.471,718.7637795275591,14562044016.88189,25825886208,0,430.51,29.46,29172199424,ok,False
10,50.0,500,yes,yes,393.3021966992406,25999635015,66.106,915.0451127819549,14616803127.81955,25983434752,0,580.47,29.5,29176471552,ok,False
15,50.0,500,yes,yes,383.38496837029606,25999635015,67.816,1404.722794117647,14302400632.470589,25891684352,0,927.06,32.9,29173215232,ok,False
