threads,keys,value_size,rdbcompression,rdbchecksum,actual_throughput_mb_s,rdb_file_size_bytes,load_duration_seconds,avg_cpu_percent,avg_memory_rss_bytes,total_disk_read_bytes,total_disk_write_bytes,cpu_user_time_seconds,cpu_system_time_seconds,memory_rss_bytes_final,status,flamegraph_generated
1,50.0,300,yes,yes,185.31485850127402,16000084883,86.34,83.10289017341042,9672907213.68786,15950004224,4096,49.35,23.08,18842271744,ok,False
2,50.0,300,yes,yes,392.65939145479535,16000084883,40.748,140.72926829268295,9526358265.756098,15918940160,0,39.54,18.79,18851794944,ok,False
3,50.0,300,yes,yes,408.82246679612643,16000084883,39.137,232.2594936708861,9476257558.683544,15956951040,4096,74.37,18.1,18852069376,ok,False
4,50.0,300,yes,yes,410.6903381246952,16000084883,38.959,324.7354430379747,9620807991.088608,16000086016,4096,111.4,17.46,18852261888,ok,False
6,50.0,300,yes,yes,412.03350028327145,16000084883,38.832,501.2435897435898,9662517615.589743,15888531456,4096,178.35,19.12,18860904448,ok,False
8,50.0,300,yes,yes,414.78936286099446,16000084883,38.574,695.825641025641,9635623594.666666,15990243328,0,254.33,18.05,18857889792,ok,False
10,50.0,300,yes,yes,416.64717678766726,16000084883,38.402,869.6662337662337,9525015591.896105,15848423424,0,320.49,18.2,18857754624,ok,False
15,50.0,300,yes,yes,394.3918973354038,16000084883,40.569,1343.6926829268293,9501181002.926828,15996534784,0,533.26,19.07,18863140864,ok,False
