keys,value_size,num_threads,rdbcompression,rdbchecksum,valkey_data_throughput_mb_s,actual_throughput_mb_s,rdb_file_size_bytes,status,port,save_duration_seconds,cpu_utilization_percent,cpu_total_time_seconds,io_read_bytes,io_write_bytes,memory_rss_bytes,context_switches_voluntary,context_switches_involuntary
5000000,5000,1,yes,yes,147.39340006908913,132.58738497685704,22560654776,ok,7000,170.15687261603307,99.95482250299315,170.08,0,0,26105483264,1,2687
5000000,5000,2,yes,yes,268.40875940146014,241.44646569819724,22560654776,ok,7000,93.43957349203993,193.25858761050907,180.57999999999998,0,0,26105483264,256046,708
5000000,5000,3,yes,yes,265.2197218517081,238.57777450092223,22560654776,ok,7000,94.56310347095132,244.29189770718932,231.01000000000002,0,0,26105483264,1261061,419
5000000,5000,4,yes,yes,260.22035792479375,234.08060848598197,22560654776,ok,7000,96.37985359795857,251.6293508928269,242.52,0,0,26105483264,1106530,273
5000000,5000,6,yes,yes,226.683447687387,203.91256007610025,22560654776,ok,7000,110.63886779500172,234.95359739368524,259.95,0,0,26107056128,721072,217
5000000,5000,8,yes,yes,152.7639542675428,137.4184543240305,22560654776,ok,7000,164.1748547309544,173.72331497865187,285.21000000000004,0,0,26107580416,535202,183
5000000,5000,10,yes,yes,142.1483199004524,127.86918549691057,22560654776,ok,7000,176.4354303840082,165.1595710486118,291.4000000000001,0,0,26107580416,432433,148
