keys,value_size,num_threads,rdbcompression,rdbchecksum,valkey_data_throughput_mb_s,actual_throughput_mb_s,rdb_file_size_bytes,status,port,save_duration_seconds,cpu_utilization_percent,cpu_total_time_seconds,io_read_bytes,io_write_bytes,memory_rss_bytes,context_switches_voluntary,context_switches_involuntary
50000000,500,1,no,yes,215.07987819516117,216.74716499798672,26000000111,ok,7000,119.95543337898562,99.92044263748845,119.86,0,26000007168,29150056448,114,1794
50000000,500,2,no,yes,399.6232653524139,402.72112184189706,26000000111,ok,7000,64.56080573098734,106.20995079540705,68.57,0,26000007168,29150056448,235476,274
50000000,500,3,no,yes,397.30262121719807,400.3824882072768,26000000111,ok,7000,64.93790532002458,108.1494693336582,70.22999999999999,0,26000007168,29150056448,152481,172
50000000,500,4,no,yes,399.26699896375595,402.3620936967555,26000000111,ok,7000,64.61841340997489,109.3805871579779,70.68000000000006,0,26000007168,29150056448,113180,121
50000000,500,6,no,yes,399.3564825550656,402.4522709597006,26000000111,ok,7000,64.60393439698964,111.95912551630967,72.32999999999998,0,26000007168,29150056448,73149,75
50000000,500,8,no,yes,399.4427706465183,402.5392279514582,26000000111,ok,7000,64.58997858001385,113.77926052252958,73.49000000000001,0,26000007168,29150056448,54206,69
50000000,500,10,no,yes,399.36570270440853,402.4615625831091,26000000111,ok,7000,64.60244288702961,116.0327638555134,74.95999999999998,0,26000007168,29150056448,42525,81
