keys,value_size,num_threads,rdbcompression,rdbchecksum,valkey_data_throughput_mb_s,actual_throughput_mb_s,rdb_file_size_bytes,status,port,save_duration_seconds,cpu_utilization_percent,cpu_total_time_seconds,io_read_bytes,io_write_bytes,memory_rss_bytes,context_switches_voluntary,context_switches_involuntary
1000000,20000,1,no,yes,750.5863447037638,750.8488440906548,20023000111,ok,7000,26.667151809029747,99.97318120404849,26.660000000000004,0,0,20710109184,1,308
1000000,20000,2,no,yes,1071.9330820682262,1072.3079646900812,20023000111,ok,7000,18.672807411989197,110.85638888295509,20.700000000000003,0,0,20711157760,35663,36
1000000,20000,3,no,yes,1102.0751779807838,1102.4606020703227,20023000111,ok,7000,18.162100372021087,115.51527395102335,20.97999999999999,0,0,20712730624,24308,31
1000000,20000,4,no,yes,1129.797500045756,1130.1926193457082,20023000111,ok,7000,17.716449185973033,127.90373376816966,22.66000000000001,0,0,20713254912,19758,39
1000000,20000,6,no,yes,1106.5226926308774,1106.9096721308993,20023000111,ok,7000,18.089100326003972,143.89880939839009,26.030000000000015,0,0,20713041920,9347,43
1000000,20000,8,no,yes,1061.6825597835245,1062.053857533587,20023000111,ok,7000,18.853092966019176,159.07204220577492,29.99000000000001,0,0,20712931328,9672,23
1000000,20000,10,no,yes,1055.1082873987857,1055.4772859563802,20023000111,ok,7000,18.97056467004586,208.16459966715644,39.48999999999998,0,0,20713332736,8933,29
